"Carimbo de data/hora","1. Qual a sua faixa et√°ria?","2. Qual seu sexo?","3. Qual seu n√≠vel de escolaridade?","4. Selecione abaixo os seus g√™neros liter√°rios preferidos:","5. Quantos livros, em m√©dia, voc√™ l√™ por ano?","6. Qual √© a sua forma preferida de leitura?","7. Em que tipo de ambiente voc√™ costuma ler?","8. Qual √© o seu maior obst√°culo para ler um livro? (Dificuldades e limita√ß√µes)","9. O que a leitura pode contribuir/contribuiu para voc√™?","10. Qual foi o seu primeiro contato com a leitura?","PERGUNTA EXTRA
O que voc√™ sugere para melhorar a experi√™ncia do leitor com os livros e bibliotecas?"
"2024/02/19 10:20:18 AM GMT-3","17 - 21 anos","Masculino","Ensino Superior Completo ou Cursando","Romance;Fantasia","6 a 10 livros","Livro f√≠sico","Transporte p√∫blico","Falta de tempo e interesse em novos livros.","Contribuiu com o meu vocabul√°rio, melhora na fala e escrita. ","Em casa","Maior variedade de g√™neros dos livros nas bibliotecas."
"2024/02/19 10:27:52 AM GMT-3","Mais de 25 anos","Masculino","Ensino Superior Completo ou Cursando","Fantasia;Suspense;Fic√ß√£o cient√≠fica","Mais de 20 livros","E-Book","Transporte p√∫blico","Tempo","Conhecimento","Em casa",""
"2024/02/19 10:29:38 AM GMT-3","Mais de 25 anos","Masculino","Ensino Superior Completo ou Cursando","Romance;Fantasia;Fic√ß√£o cient√≠fica","1 a 5 livros","Livro f√≠sico","Em casa","tempo","Relaxar, desestressar, melhorar a criatividade e a imagina√ß√£o, sociabilizar com outros leitores","Em casa",""
"2024/02/19 10:32:28 AM GMT-3","17 - 21 anos","Masculino","Ensino Superior Completo ou Cursando","Romance;Fantasia;Fic√ß√£o cient√≠fica","1 a 5 livros","Livro f√≠sico","Em casa","Paci√™ncia e dinheiro","Conhecimento, entretenimento, lazer","Na escola","Sistema dr buscas melhor"
"2024/02/19 10:36:01 AM GMT-3","17 - 21 anos","Feminino","Ensino Superior Completo ou Cursando","Romance;Fantasia;Fic√ß√£o cient√≠fica","1 a 5 livros","Livro f√≠sico;E-Book","Em casa","Falta de aten√ß√£o. ","Vocabul√°rio e maior ""bagagem"" cultural. ","Em casa",""
"2024/02/19 10:41:57 AM GMT-3","17 - 21 anos","Feminino","Ensino Superior Completo ou Cursando","Fantasia;Suspense","6 a 10 livros","Livro f√≠sico","Em casa;Transporte p√∫blico","Pre√ßo pra comprar, dificuldade em achar online, tem√°tica massante","Entretenimento normalmente ","Em casa","Acervo melhor. Normalmente s√≥ h√° livros aleat√≥rios e velhos. Alem disso, as bibliotecas onde eu moro s√£o de dificil acesso e n√£o h√° tempo para ir at√© elas.

Talvez bibliotecas poderiam disponibilizar de forma virtual "
"2024/02/19 10:42:48 AM GMT-3","17 - 21 anos","Feminino","Ensino Superior Completo ou Cursando","Romance","Mais de 20 livros","E-Book","Transporte p√∫blico","Dificuldade no acesso de livros, valores muito altos para obter-los","Melhora meu racioc√≠nio e assimila√ß√£o, escrita, coes√£o e coer√™ncia","Em casa","Ambientes com diversidade de livros e bem localizados, m√©todos de incentivo a leitura, como redes sociais de leitores (exemplo skoob)"
"2024/02/19 10:46:25 AM GMT-3","Mais de 25 anos","Masculino","Ensino Superior Completo ou Cursando","pol√≠tica","1 a 5 livros","Livro f√≠sico;E-Book","Em casa","tempo","tudo","Em casa","incentivo, custo ..."
"2024/02/19 10:47:05 AM GMT-3","22 - 24 anos","Masculino","Ensino Superior Completo ou Cursando","Romance;Fantasia;Fic√ß√£o cient√≠fica;T√©cnico ","6 a 10 livros","Livro f√≠sico","Ambiente de Trabalho","Dinheiro ","Entretenimento ","Em casa","Pre√ßo "
"2024/02/19 10:51:42 AM GMT-3","22 - 24 anos","Masculino","Ensino Superior Incompleto","Suspense;Fic√ß√£o cient√≠fica","1 a 5 livros","Livro f√≠sico;E-Book","Em casa;Ambiente de Trabalho","O custo dos livros","Vocabul√°rio, conhecimentos gerais","Em casa",""
"2024/02/19 10:52:19 AM GMT-3","22 - 24 anos","Masculino","Ensino Superior Completo ou Cursando","Biografia;Hist√≥ria;Estrat√©gia militar","6 a 10 livros","Livro f√≠sico","Em casa","Preciso de sil√™ncio para conseguir concentrar em leituras longas","Obten√ß√£o de novos conhecimentos","Em casa","Incentivo da leitura na primeira inf√¢ncia"
"2024/02/19 10:54:36 AM GMT-3","17 - 21 anos","Masculino","Ensino Superior Incompleto","Fic√ß√£o cient√≠fica;Hist√≥ria","1 a 5 livros","Livro f√≠sico","Em casa;Locais p√∫blicos, como pra√ßas, cafeterias, ...;Ambiente escolar, como biblioteca, escola, faculdade, ...;Ambiente de Trabalho","Come√ßar a ler, depois q come√ßo leio bastante ","Proporciona uma forma muito r√°pida de desenvolvimento pessoal e intelectual ","Em casa",""
"2024/02/19 11:11:01 AM GMT-3","22 - 24 anos","Masculino","Ensino Superior Completo ou Cursando","Fic√ß√£o cient√≠fica","1 a 5 livros","√Åudio book","Em casa;Transporte p√∫blico","Tempo, me falta tempo.","Livros de aperfei√ßoamento social me fez ser um pouco mais influente no meio de trabalho.","Na escola",""
"2024/02/19 11:20:01 AM GMT-3","17 - 21 anos","Feminino","Ensino Superior Incompleto","Romance","1 a 5 livros","E-Book","Em casa","Tempo e interesse","Desenvolvimento de vocabul√°rio ","Na escola",""
"2024/02/19 11:24:12 AM GMT-3","Mais de 25 anos","Masculino","Ensino Superior Incompleto","Fantasia;Fic√ß√£o cient√≠fica;Autoajuda","1 a 5 livros","Livro f√≠sico;√Åudio book","Em casa","Concentra√ß√£o ","Vocabul√°rio, autoconhecimento, entretenimento ","Na escola","Um espa√ßo sil√™ncio com uma temperatura  agrad√°vel "
"2024/02/19 11:24:55 AM GMT-3","17 - 21 anos","Feminino","Ensino Superior Completo ou Cursando","Fantasia;Suspense","6 a 10 livros","Livro f√≠sico","Em casa","Disponibilidade ","Contribui com a imagina√ß√£o, vocabul√°rio e novas informa√ß√µes de diversas √°reas ","Na escola","Maior acesso √†s bibliotecas"
"2024/02/19 11:26:53 AM GMT-3","17 - 21 anos","Masculino","Ensino Superior Completo ou Cursando","Suspense;Fic√ß√£o cient√≠fica;Biografia","1 a 5 livros","Livro f√≠sico","Em casa","procrastina√ß√£o","conhecimento","Em casa",""
"2024/02/19 11:32:02 AM GMT-3","17 - 21 anos","Feminino","Ensino Superior Completo ou Cursando","Romance;Fantasia;Suspense;Fic√ß√£o cient√≠fica","11 a 15 livros","E-Book","Todos acima listados","Falta de tempo","F√©rias ","Em casa","Mais an√∫ncios de livros, talvez TikTok, come√ßar a ensinar leitura com livros mais atuais ao inv√©s de cl√°ssicos com palavras rudimentares."
"2024/02/19 11:39:17 AM GMT-3","Mais de 25 anos","Masculino","Ensino Superior Completo ou Cursando","Romance;Fantasia;Suspense;Autoajuda","Nenhum","E-Book;√Åudio book","Bicicleta ","Redes sociais ","Imagina√ß√£o, foco.","Em casa","N√£o sei "
"2024/02/19 11:40:38 AM GMT-3","17 - 21 anos","Masculino","Ensino Superior Completo ou Cursando","Fantasia;Fic√ß√£o cient√≠fica;Hist√≥ria","1 a 5 livros","Livro f√≠sico","Em casa","Perca de foco ","Conhecimento ","Na escola",""
"2024/02/19 11:45:48 AM GMT-3","22 - 24 anos","Feminino","Ensino Superior Completo ou Cursando","Romance;Fantasia;Suspense;Fic√ß√£o cient√≠fica","11 a 15 livros","Livro f√≠sico;E-Book;√Åudio book","Em casa;Ambiente escolar, como biblioteca, escola, faculdade, ...;Transporte p√∫blico","Tempo","Contribuiu na forma de pensar, na empatia, no amor, no cuidar ","Na escola",""
"2024/02/19 12:33:38 PM GMT-3","17 - 21 anos","Masculino","Ensino Superior Completo ou Cursando","Romance;Fantasia;Suspense;Fic√ß√£o cient√≠fica;Hist√≥ria;Mang√°s ü§ì","1 a 5 livros","Livro f√≠sico;E-Book","Em casa;Transporte p√∫blico","tenho dificuldade em encontrar obras que me prendam e chamem aten√ß√£o (exceto mang√°s)","contribuiu com minhas habilidades de escrita, ampliou meu vocabul√°rio, estimula ativamente minha criatividade e me mant√©m entretido ","Em casa",""
"2024/02/19 1:06:03 PM GMT-3","22 - 24 anos","Masculino","Ensino Superior Completo ou Cursando","Fantasia;Fic√ß√£o cient√≠fica","1 a 5 livros","Livro f√≠sico","Em casa;Transporte p√∫blico","Pregui√ßa ","despertar a criatividade e ajudar a ocupar a mente","Em casa",""
"2024/02/19 1:13:30 PM GMT-3","17 - 21 anos","Masculino","Ensino Superior Completo ou Cursando","Fantasia;Fic√ß√£o cient√≠fica;Hist√≥ria","6 a 10 livros","Livro f√≠sico;E-Book","Em casa;Ambiente escolar, como biblioteca, escola, faculdade, ...","Tempo ","Distra√ß√£o conhecimento ","Em casa",""
"2024/02/19 3:47:32 PM GMT-3","17 - 21 anos","Feminino","Ensino Superior Completo ou Cursando","Romance;Suspense;Autoajuda;Biografia;Drama","1 a 5 livros","Livro f√≠sico;E-Book","Em casa","Rotina corrida, ent√£o quando paro para ler um livro tenho a sensa√ß√£o de ""estar perdendo tempo"", pois deveria estar fazendo alguma outra tarefa. ","Atrav√©s da leitura eu consigo entender pontos de vista diferentes, novas viv√™ncias, conhecer melhor outras culturas e melhorar minha escrita e repert√≥rio argumentativo.","Em casa","Disponibilizar livros solicitados por alunos ou que est√£o na lista dos livros mais vendidos."
"2024/02/19 4:41:50 PM GMT-3","Mais de 25 anos","Masculino","Ensino Superior Completo ou Cursando","Fantasia;Fic√ß√£o cient√≠fica;Hist√≥ria","1 a 5 livros","Livro f√≠sico","Em casa;Ambiente de Trabalho","Aten√ß√£o ","Imagina√ß√£o e conhecimento ","Em casa",""
"2024/02/19 5:07:26 PM GMT-3","17 - 21 anos","Masculino","Ensino Superior Completo ou Cursando","Fantasia","1 a 5 livros","Livro f√≠sico","Em casa","Ser distraido por outras coisas, como celular e redes sociais.","Aprendendizado, entreterimento, leveza.","Em casa","No lugar do Ifood, quero o Ilivro de bibliotecas."
"2024/02/20 9:16:34 AM GMT-3","22 - 24 anos","Masculino","Ensino Superior Incompleto","Romance;Fantasia","1 a 5 livros","Livro f√≠sico","Em casa;Ambiente escolar, como biblioteca, escola, faculdade, ...","Pregui√ßa","Altas hist√≥rias kk","Na escola","Mais bibliotecas"
"2024/02/20 9:56:18 AM GMT-3","17 - 21 anos","Masculino","Ensino Superior Completo ou Cursando","Romance;Fantasia;Fic√ß√£o cient√≠fica","6 a 10 livros","Livro f√≠sico","Em casa;Locais p√∫blicos, como pra√ßas, cafeterias, ...;Ambiente escolar, como biblioteca, escola, faculdade, ...;Transporte p√∫blico","Livros t√©cnicos, termos complicados ","Repert√≥rio, ideias, criatividade, imagina√ß√£o, pensamentos cr√≠ticos e etc ","Em casa","Ambiente prop√≠cio, e maior variedade de livros "
"2024/02/21 8:22:29 AM GMT-3","17 - 21 anos","Masculino","Ensino Superior Completo ou Cursando","N√£o gosto de ler ","Nenhum","√Åudio book","N√£o leio","Aten√ß√£o","Vocabul√°rio","Na escola","N√£o sei"
"2024/02/21 8:33:30 AM GMT-3","Mais de 25 anos","Masculino","Ensino Superior Completo ou Cursando","Romance;Fantasia;Suspense;Fic√ß√£o cient√≠fica","6 a 10 livros","Livro f√≠sico","Em casa;Transporte p√∫blico","Tempo","Conhecimento sempre","Em uma biblioteca p√∫blica","Divulga√ß√£o da biblioteca e facilidade na retirada e entrega das loca√ß√µes "
"2024/02/21 8:35:16 AM GMT-3","Mais de 25 anos","Feminino","Ensino Fundamental Completo ou Cursando","Romance;Fantasia;Suspense;Biografia;Hist√≥ria","1 a 5 livros","Livro f√≠sico","Em casa","Ter o livro dispon√≠vel para ler","Aprendizagem","Na escola","Acesso mais f√°cil aos livros"
"2024/02/21 9:46:19 AM GMT-3","22 - 24 anos","Feminino","Ensino Superior Completo ou Cursando","Romance;Autoajuda;Biografia;Hist√≥ria;Mang√°s ou Hist√≥rias em Quadrinhos","1 a 5 livros","√Åudio book","Em casa;Transporte p√∫blico","Pre√ßo e tempo","Conhecimento amplo","Em casa",""
"2024/02/21 9:48:58 AM GMT-3","Mais de 25 anos","Feminino","Ensino Superior Completo ou Cursando","Romance;Fantasia;Fic√ß√£o cient√≠fica;Mang√°s ou Hist√≥rias em Quadrinhos","6 a 10 livros","Livro f√≠sico","Em casa","Barulho ","-Expans√£o do vocabul√°rio
-Exercitar imagina√ß√£o ","Em casa","Delivery de livros (estilo Ifood)"
"2024/02/21 9:50:53 AM GMT-3","17 - 21 anos","Masculino","Ensino Superior Completo ou Cursando","Suspense;Poesia","Nenhum","Livro f√≠sico","Ambiente escolar, como biblioteca, escola, faculdade, ...","Falta de tempo/disponibilidade.","Conhecimento da l√≠ngua/Ensinamentos de vida.","Na escola",""
"2024/02/21 9:51:13 AM GMT-3","Mais de 25 anos","Masculino","Ensino Superior Completo ou Cursando","Fic√ß√£o cient√≠fica;Mang√°s ou Hist√≥rias em Quadrinhos","11 a 15 livros","Livro f√≠sico;E-Book","Em casa;Locais p√∫blicos, como pra√ßas, cafeterias, ...;Transporte p√∫blico;Ambiente de Trabalho","Tempo","Em diversas quest√µes, por√©m creio que na forma√ß√£o e opini√£o.","Na escola","Alguma forma de catalogar, os livros j√° lidos, e ou emprestados com as bibliotecas."
"2024/02/21 9:51:28 AM GMT-3","22 - 24 anos","Masculino","Ensino Fundamental Incompleto","Fic√ß√£o cient√≠fica;Autoajuda","Nenhum","Livro f√≠sico","Em casa","Pregui√ßa","Acredito que desenvolvimento pessoal e ajuda na quest√£o de formalizar o pensamento","Na escola",""
"2024/02/21 9:52:32 AM GMT-3","Mais de 25 anos","Masculino","Ensino Superior Completo ou Cursando","Autoajuda","1 a 5 livros","Livro f√≠sico","Em casa","nenhuma","Auto conhecimento, entretenimento","Na escola","Maior acesso e divulgacao"
"2024/02/21 9:53:34 AM GMT-3","22 - 24 anos","Feminino","Ensino Superior Completo ou Cursando","Romance;Suspense;Fic√ß√£o cient√≠fica;Mang√°s ou Hist√≥rias em Quadrinhos","1 a 5 livros","Livro f√≠sico","Em casa;Locais p√∫blicos, como pra√ßas, cafeterias, ...;Ambiente escolar, como biblioteca, escola, faculdade, ...;Ambiente de Trabalho","Concentra√ß√£o","Conhecimento e entretenimento","Em casa","Incentivo social"
"2024/02/21 9:54:47 AM GMT-3","Mais de 25 anos","Feminino","Ensino Superior Completo ou Cursando","Romance;Fantasia;Suspense","1 a 5 livros","Livro f√≠sico","Em casa;Ambiente de Trabalho","Tempo","Traz conhecimento, ajuda a relaxar ","Na escola",""
"2024/02/21 9:59:05 AM GMT-3","Mais de 25 anos","Masculino","Ensino Superior Completo ou Cursando","Suspense;Hist√≥ria;Mang√°s ou Hist√≥rias em Quadrinhos","Nenhum","Livro f√≠sico","Em casa","Destinar um tempo para a leitura, sempre prefiro fazer outras coisas.","Conhencimento e desenvolvimento pessoal.","Na escola",""
"2024/02/21 10:01:51 AM GMT-3","17 - 21 anos","Masculino","Ensino Superior Incompleto","Fantasia;Suspense;Fic√ß√£o cient√≠fica;Mang√°s ou Hist√≥rias em Quadrinhos","6 a 10 livros","E-Book","Em casa;Locais p√∫blicos, como pra√ßas, cafeterias, ...;Ambiente escolar, como biblioteca, escola, faculdade, ...;Transporte p√∫blico;Ambiente de Trabalho","Ilumina√ß√£o , se n√£o houver uma decente dificulta a leitura.","Ela contribuiu para ensinamentos e valores que fui aprendendo ao longo de cada experi√™ncia ","Na escola","O tamanho das fontes e a ilumina√ß√£o, quando esses fatores serem ajustados dependendo da necessidade do leitor a experi√™ncia melhoraria absurdo."
"2024/02/21 10:03:58 AM GMT-3","Mais de 25 anos","Masculino","Ensino Superior Completo ou Cursando","Fantasia;Suspense;Fic√ß√£o cient√≠fica;Mang√°s ou Hist√≥rias em Quadrinhos","1 a 5 livros","Livro f√≠sico","Em casa","Tempo livre","Ajuda a melhorar o vocabulario, aumenta o conhecimento.","Na escola",""
"2024/02/21 10:04:01 AM GMT-3","17 - 21 anos","Masculino","Ensino Superior Completo ou Cursando","Romance Policial","11 a 15 livros","Livro f√≠sico","Em casa;Locais p√∫blicos, como pra√ßas, cafeterias, ...","Tempo","Interpreta√ß√£o de texto e imagina√ß√£o","Na escola","Deveria ter mais op√ß√µes de livros e criar alguma a√ß√£o para promover a leitura"
"2024/02/21 10:06:35 AM GMT-3","Mais de 25 anos","Masculino","Ensino Superior Completo ou Cursando","Mang√°s ou Hist√≥rias em Quadrinhos","6 a 10 livros","E-Book","Em casa;Ambiente de Trabalho","Atualmente nenhuma, mas se fosse o caso, n√£o ter acesso a internet me impossibilitaria de ler.","Imagina√ß√£o e organizar os pensamentos ","Na escola","Um acesso a uma busca mais f√°cil aos livros, por exemplo um app ou site que tenha os livros dispon√≠veis naquele momento."
"2024/02/21 10:06:48 AM GMT-3","Mais de 25 anos","Masculino","Ensino Superior Completo ou Cursando","Romance;Suspense;Fic√ß√£o cient√≠fica;Hist√≥ria","1 a 5 livros","Livro f√≠sico","Em casa","Estresse","Conhecimento ","Em casa","Divulga√ß√£o sobre as vantagens da leitura "
"2024/02/21 10:10:19 AM GMT-3","17 - 21 anos","Masculino","Ensino Superior Incompleto","Fic√ß√£o cient√≠fica;Hist√≥ria;Mang√°s ou Hist√≥rias em Quadrinhos","1 a 5 livros","Livro f√≠sico;E-Book;√Åudio book","Em casa;Transporte p√∫blico","Acesso de maneira legal.","Conhecimento e forma√ß√£o como pessoa.","Em casa",""
"2024/02/21 10:11:33 AM GMT-3","Mais de 25 anos","Masculino","Ensino Superior Completo ou Cursando","Romance;Fantasia;Suspense;Fic√ß√£o cient√≠fica;Biografia;Hist√≥ria","1 a 5 livros","Livro f√≠sico;E-Book;√Åudio book","Em casa","Tempo","Conhecimento e recrea√ß√£o","Na escola",""
"2024/02/21 10:12:35 AM GMT-3","Mais de 25 anos","Feminino","Ensino Superior Completo ou Cursando","Romance;Fantasia;Suspense;Autoajuda;Hist√≥ria","6 a 10 livros","Livro f√≠sico","Em casa;Locais p√∫blicos, como pra√ßas, cafeterias, ...;Ambiente escolar, como biblioteca, escola, faculdade, ...;Transporte p√∫blico;Ambiente de Trabalho","as vezes manter o foco por muito tempo","aprendizado, me fazer ser uma pessoa mais interessante com conhecimento, ter assunto","Em casa","ter rodas de conversar que estimule a leitura e conversa do que foi lido"
"2024/02/21 10:19:02 AM GMT-3","Mais de 25 anos","Feminino","Ensino Superior Completo ou Cursando","Romance;Autoajuda","6 a 10 livros","Livro f√≠sico","Em casa","Quando n√£o acho o livro t√£o interessante ou quando o valor do livro √© muito caro.","Em tudo, conhecimento ","Na escola","Livros atuais."
"2024/02/21 10:21:23 AM GMT-3","Mais de 25 anos","Feminino","Ensino Superior Completo ou Cursando","Autoajuda;Biografia","1 a 5 livros","Livro f√≠sico","Em casa","Vontade e tempo","Em tudo na vida","Em casa","Consulta on-line do acervo "
"2024/02/21 10:23:20 AM GMT-3","Mais de 25 anos","Masculino","Ensino Superior Completo ou Cursando","Fantasia;Fic√ß√£o cient√≠fica;Hist√≥ria","1 a 5 livros","Livro f√≠sico","Em casa;Locais p√∫blicos, como pra√ßas, cafeterias, ...","Tempo","Melhora na escrita e interpreta√ß√£o de texto","Em casa",""
"2024/02/21 10:25:37 AM GMT-3","Mais de 25 anos","Masculino","Ensino Superior Completo ou Cursando","Fic√ß√£o cient√≠fica;Artigos Acad√™micos","6 a 10 livros","E-Book","Em casa","Nenhum","Desenvolvimento pessoal, aumento do intelectual ","Em casa","Maior disponibilidade de acervos gratuitos "
"2024/02/21 10:31:09 AM GMT-3","Mais de 25 anos","Masculino","Ensino Superior Completo ou Cursando","Fantasia;Fic√ß√£o cient√≠fica;Hist√≥ria","6 a 10 livros","Livro f√≠sico","Em casa","Tempo","Melhorar leitura e escrita/ Melhorar a concentra√ß√£o","Na escola",""
"2024/02/21 10:34:28 AM GMT-3","Mais de 25 anos","Masculino","Ensino Superior Completo ou Cursando","Fantasia;Fic√ß√£o cient√≠fica;Hist√≥ria","6 a 10 livros","Livro f√≠sico","Em casa","TDH","Resili√™ncia ","Em casa","N"
"2024/02/21 10:44:04 AM GMT-3","17 - 21 anos","Masculino","Ensino Superior Completo ou Cursando","Fic√ß√£o cient√≠fica;Autoajuda","1 a 5 livros","E-Book","Transporte p√∫blico","O meu √© a perca da capacidade de foco","A leitura pode te dar uma nova vis√£o de mundo, fazer voc√™ enxergar os acontecimentos de uma forma diferente e pode te ajudar a lidar com certas situa√ß√µes","Na escola",""
"2024/02/21 11:23:13 AM GMT-3","17 - 21 anos","Masculino","Ensino Superior Completo ou Cursando","Fic√ß√£o cient√≠fica","1 a 5 livros","Livro f√≠sico","Em casa","Concentra√ß√£o ",".","Em casa",""
"2024/02/21 11:28:07 AM GMT-3","Mais de 25 anos","Feminino","Ensino Superior Completo ou Cursando","Romance;Fantasia;Autoajuda","1 a 5 livros","Livro f√≠sico","Em casa","Tempo pra leitura","Aprendizagem ,maior conhecimento das palavras","Na escola","Mais divulga√ß√µes com eventos que atraiam mais publicos para consumir mais livros e ir aos locais"
"2024/02/21 12:24:44 PM GMT-3","17 - 21 anos","Masculino","Ensino Superior Completo ou Cursando","Fantasia;Suspense;Fic√ß√£o cient√≠fica","6 a 10 livros","Livro f√≠sico","Em casa;Locais p√∫blicos, como pra√ßas, cafeterias, ...","Pregui√ßa ","Conhecimento ","Em casa","Entender que nem todo livro √© pra todo mundo e nem todo mundo l√™ qualquer coisa. As pessoas tendem a n√£o gostar de livros por puro preconceito, pois provavelmente seu primeiro contato foi com Dom Casmurro, Vidas Secas ou outro cl√°ssico da literatura brasileira que, apesar de serem excelentes, eu n√£o indicaria como primeira viagem."
"2024/02/21 12:35:52 PM GMT-3","Mais de 25 anos","Masculino","Ensino Superior Completo ou Cursando","Romance;Fantasia;Fic√ß√£o cient√≠fica","1 a 5 livros","Livro f√≠sico","Em casa;Transporte p√∫blico","Falta de tempo. Falta de uma rotina organizada que reserve um hor√°rio para a leitura.","Entrar em contato com outras vis√µes de mundo e novas ideias.","Em casa",""
"2024/02/21 2:20:01 PM GMT-3","Mais de 25 anos","Masculino","Ensino Superior Completo ou Cursando","Fantasia;Fic√ß√£o cient√≠fica;Hist√≥ria;Mang√°s ou Hist√≥rias em Quadrinhos","Mais de 20 livros","Livro f√≠sico","Em casa","Atualmente, o cansa√ßo p√≥s expediente","Melhorou demais a minha comunica√ß√£o como um todo","Na escola",""
"2024/02/21 2:22:14 PM GMT-3","22 - 24 anos","Masculino","Ensino Superior Completo ou Cursando","Fantasia;Fic√ß√£o cient√≠fica;Mang√°s ou Hist√≥rias em Quadrinhos","1 a 5 livros","Livro f√≠sico;E-Book","Em casa","Tempo para fazer uma pausa no dia e ler uma quantidade razo√°vel ","Amplia o conhecimento e a vis√£o de mundo, al√©m de ser terap√™utico ","Em casa","Tornar os ambientes de biblotecas multi atrativos, com caf√©s, espa√ßos de intera√ß√£o e outras √°reas"
"2024/02/21 2:55:50 PM GMT-3","17 - 21 anos","Masculino","Ensino Superior Completo ou Cursando","Fantasia;Suspense;Fic√ß√£o cient√≠fica;Mang√°s ou Hist√≥rias em Quadrinhos","1 a 5 livros","Livro f√≠sico;E-Book","Em casa","Tempo","Ela pode melhorar o vocabul√°rio e trazer mais conhecimentos","Em casa",""
"2024/02/21 5:03:21 PM GMT-3","Mais de 25 anos","Masculino","Ensino Superior Completo ou Cursando","Fantasia;Mang√°s ou Hist√≥rias em Quadrinhos","1 a 5 livros","Livro f√≠sico","Em casa","Tempo","Conhecimento","Na escola","Acredito que atualmente as bibliotecas precisem oferecer algum tipo de incentivo para que as pessoas escolham ler seus livros nelas."
"2024/02/21 7:17:14 PM GMT-3","Mais de 25 anos","Masculino","Ensino Superior Incompleto","Romance;Fantasia;Suspense;Fic√ß√£o cient√≠fica;Biografia;Hist√≥ria","Mais de 20 livros","Livro f√≠sico","Em casa;Locais p√∫blicos, como pra√ßas, cafeterias, ...;Ambiente escolar, como biblioteca, escola, faculdade, ...;Transporte p√∫blico;Ambiente de Trabalho","Tempo","Na interpreta√ß√£o em geral","Em uma biblioteca p√∫blica","Buscar assuntos que mais te despertam interesse "
"2024/02/22 8:30:34 AM GMT-3","Mais de 25 anos","Feminino","Ensino Superior Completo ou Cursando","Suspense;Fic√ß√£o cient√≠fica","1 a 5 livros","Livro f√≠sico","Em casa","Concentra√ß√£o","Aumento de vocabul√°rio e interpreta√ß√£o de texto","Em casa","Estar atento √†s novas tend√™ncias liter√°rias e incluir lan√ßamentos recentes em seu acervo."
"2024/02/22 4:01:02 PM GMT-3","17 - 21 anos","Masculino","Ensino Superior Completo ou Cursando","Romance;Fantasia;Fic√ß√£o cient√≠fica;Mang√°s ou Hist√≥rias em Quadrinhos","1 a 5 livros","Livro f√≠sico;E-Book","Em casa;Locais p√∫blicos, como pra√ßas, cafeterias, ...;Transporte p√∫blico","Tamanho, peso, falta de h√°bito etc","Ela ajuda a ter mais conhecimento","Na escola",""
"2024/02/22 4:01:17 PM GMT-3","17 - 21 anos","Masculino","Ensino Superior Incompleto","Mang√°s ou Hist√≥rias em Quadrinhos;Autodesenvolvimento","1 a 5 livros","Livro f√≠sico","Em casa","Distra√ß√£o","Conhecimento e disciplina ","Na internet","Tentar entrar no livro e consumir conte√∫dos relacionados al√©m do livro, tal como musica, livros e afins"
"2024/02/23 8:20:19 AM GMT-3","22 - 24 anos","Masculino","Ensino Superior Completo ou Cursando","Autoajuda;Mang√°s ou Hist√≥rias em Quadrinhos;Auto desenvolvimento ","1 a 5 livros","Livro f√≠sico;E-Book","Em casa","N√£o tenho um obst√°culo, mas n√£o tenho costume da leitura.","Conhecimento al√©m de desenvolver a escrita e dic√ß√£o.","Em casa","Desenvolver uma cultura "
"2024/02/23 10:35:42 AM GMT-3","17 - 21 anos","Masculino","Ensino Superior Completo ou Cursando","Fantasia;Suspense;Fic√ß√£o cient√≠fica;Hist√≥ria;Mang√°s ou Hist√≥rias em Quadrinhos","6 a 10 livros","Livro f√≠sico;E-Book","Em casa;Ambiente escolar, como biblioteca, escola, faculdade, ...","tempo e dinheiro","desenvolvimento como ser humano e profissional, entretenimento, incentiva o pensamento criativo","Em casa",""
"2024/02/23 2:35:06 PM GMT-3","17 - 21 anos","Feminino","Ensino Superior Incompleto","Romance;Fantasia;Suspense;Fic√ß√£o cient√≠fica;Mang√°s ou Hist√≥rias em Quadrinhos;Drama; Mitologia Grega; Fic√ß√£o Juvenil; Fic√ß√£o G√≥tica; Terror; Literatura Fant√°stica;","1 a 5 livros","Livro f√≠sico;E-Book","Em casa;Ambiente escolar, como biblioteca, escola, faculdade, ...;Ambiente de Trabalho","Ressaca liter√°ria (por/depois de um longo per√≠odo), pregui√ßa, g√™nero diferente do que eu costumo ler (ent√£o demoro para retomar a leitura)","Vocabul√°rio, criatividade, expans√£o da imagina√ß√£o, aumento de pensamento nas possibilidades e racioc√≠nio em determinadas situa√ß√µes ","Na escola","Atendimento dos funcion√°rios e o ambiente/espa√ßo f√≠sico. Acredito que cada biblioteca tem (e deve ter) o seu pr√≥prio estilo, ela decidindo acompanhar e evoluir com a tecnologia ou n√£o. Mas nada me tira o gosto e prazer de entrar em um lugar e rever os ornamentos e a estrutura como se fosse a primeira vez - em um lugar antigo, e ver muitos livros amontoados e enfileirados me convidando a v√™-los por muito tempo. Talvez eu goste de algo mais tradicional, como o cheiro de um livro velho no meio de tantos livros novos."
"2024/02/27 5:47:27 PM GMT-3","17 - 21 anos","Masculino","Ensino Superior Completo ou Cursando","Romance;Fantasia;Suspense;Fic√ß√£o cient√≠fica;Mang√°s ou Hist√≥rias em Quadrinhos","1 a 5 livros","Livro f√≠sico","Em casa;Ambiente escolar, como biblioteca, escola, faculdade, ...","Concentra√ß√£o","Vocabul√°rio e ideias ","Em casa","Tempo de uso expandido e perdoar dividida de anos que estudantes fizeram"
"2024/02/27 5:50:26 PM GMT-3","22 - 24 anos","Masculino","Ensino Superior Completo ou Cursando","Suspense;Fic√ß√£o cient√≠fica;Hist√≥ria;Mang√°s ou Hist√≥rias em Quadrinhos","1 a 5 livros","Livro f√≠sico","Em casa;Locais p√∫blicos, como pra√ßas, cafeterias, ...","N√£o ter o livro f√≠sico primeiramente, e segundo ficar engajado na leitura","Vocabul√°rio, formas de contar uma hist√≥ria, descrever melhores situa√ß√µes, desenvolvimento de personagens e abrangiu mais meus gostos liter√°rios e me apaixonar pelo terror c√≥smico","Na escola","Um caf√© seria bala"
"2024/02/27 6:00:58 PM GMT-3","Mais de 25 anos","Feminino","Ensino Superior Completo ou Cursando","Romance;Fantasia;Suspense","1 a 5 livros","Livro f√≠sico","Em casa;Transporte p√∫blico","tempo de qualidade sem distra√ß√µes","quando eu era mais nova me ajudou muito a me desenvolver, principalmente no portugu√™s e na quest√£o do racioc√≠nio logico, interpreta√ß√£o de texto e outros aspectos. Eu costumava ler bastante entre 9 - 16 anos. Principalmente no ensino m√©dio quando n√£o tinha a rotina de trabalhar, depois que a gente tem dupla jornada fica mais dificil. E durante a primeira gradua√ß√£o, lia bastante tamb√©m, mas sempre livros t√©cnicos e artigos. ","Na escola","Incentivar as pessoas, despertar mais o interesse atrav√©s de divulga√ß√£o, pouco se fala hoje em dia sobre leitura"
"2024/02/27 6:01:14 PM GMT-3","Mais de 25 anos","Feminino","Ensino Superior Completo ou Cursando","Romance;Fantasia;Fic√ß√£o cient√≠fica;Biografia;Hist√≥ria","6 a 10 livros","E-Book","Em casa;Ambiente escolar, como biblioteca, escola, faculdade, ...;Transporte p√∫blico","Tempo","Em tudo","Em casa","Fones abafadores de ru√≠do"
"2024/02/27 6:03:11 PM GMT-3","17 - 21 anos","Masculino","Ensino Superior Completo ou Cursando","Fantasia","1 a 5 livros","Livro f√≠sico","Em casa;Ambiente escolar, como biblioteca, escola, faculdade, ...","Esquecer o que tava em cima ","Criatividade ","Em casa",""
"2024/02/27 6:04:03 PM GMT-3","17 - 21 anos","Masculino","Ensino Superior Incompleto","Romance;Fantasia;Suspense;Fic√ß√£o cient√≠fica;Mang√°s ou Hist√≥rias em Quadrinhos","1 a 5 livros","Livro f√≠sico;E-Book","Em casa;Transporte p√∫blico","O pre√ßo deles.","Conhecimento, lazer, passa-tempo, entre outros.","Na escola",""
"2024/02/27 6:11:45 PM GMT-3","22 - 24 anos","Masculino","Ensino Superior Incompleto","Romance;Fantasia;Suspense;Fic√ß√£o cient√≠fica;Hist√≥ria;Mang√°s ou Hist√≥rias em Quadrinhos","6 a 10 livros","Livro f√≠sico","Em casa","Distra√ß√µes ","Me permitiu ter diferentes perspectivas sobre diferentes assuntos","Na escola","Incentivar a cultura da leitura, especialmente entre as crian√ßas "
"2024/02/27 6:12:23 PM GMT-3","Mais de 25 anos","Feminino","Ensino Superior Completo ou Cursando","Fantasia;Suspense;Fic√ß√£o cient√≠fica","1 a 5 livros","Livro f√≠sico","Em casa;Locais p√∫blicos, como pra√ßas, cafeterias, ...;Transporte p√∫blico","sair do celular/computador e separar um tempo s√≥ para leitura ","eu lia bastante quando era nova, entre os 14/20 anos, e me ajudou muito com expans√£o de vocabul√°rio, oralidade e criatividade ","Em casa","melhorar a ventila√ß√£o nos ambientes. "
"2024/02/27 6:13:29 PM GMT-3","17 - 21 anos","Masculino","Ensino Superior Completo ou Cursando","Fic√ß√£o cient√≠fica;Hist√≥ria;Mang√°s ou Hist√≥rias em Quadrinhos","1 a 5 livros","Livro f√≠sico","Em casa;Locais p√∫blicos, como pra√ßas, cafeterias, ...;Ambiente escolar, como biblioteca, escola, faculdade, ...;Transporte p√∫blico","N√£o gosto muito de ler o livro digital, n√£o me d√° √¢nimo pra ler","Autoconhecimento ","Em uma biblioteca p√∫blica",""
"2024/02/27 6:14:23 PM GMT-3","Mais de 25 anos","Masculino","Ensino Superior Incompleto","Romance;Fantasia;Suspense;Fic√ß√£o cient√≠fica;Mang√°s ou Hist√≥rias em Quadrinhos","1 a 5 livros","E-Book","Em casa;Transporte p√∫blico","Tempo","Vocabul√°rio, entendimento de mundo, imagina√ß√£o, etc.","Em casa",""
"2024/02/27 6:17:03 PM GMT-3","Mais de 25 anos","Feminino","Ensino M√©dio Completo ou Cursando","Romance;Fantasia;Suspense;Fic√ß√£o cient√≠fica;Mang√°s ou Hist√≥rias em Quadrinhos","6 a 10 livros","Livro f√≠sico;E-Book","Em casa;Locais p√∫blicos, como pra√ßas, cafeterias, ...;Ambiente escolar, como biblioteca, escola, faculdade, ...;Transporte p√∫blico","Atualmente, o pre√ßo se formos pensar nos meios legais","Al√©m do aumento do aprendizado, vocabul√°rio, √© um entretenimento relaxante","Em casa","Ter maia meios de comunica√ß√£o com os ""clientes"" e ofertar mais meios de empr√©stimo como livros digitais (em formatos bacanas como epub e kindle)"
"2024/02/27 6:24:57 PM GMT-3","Mais de 25 anos","Feminino","Ensino Superior Completo ou Cursando","Romance;Suspense;Fic√ß√£o cient√≠fica;Autoajuda","1 a 5 livros","E-Book","Em casa;Transporte p√∫blico","Foco, tempo","Melhorou todos os aspectos, leitura , interpreta√ß√£o, imagina√ß√£o e at√© raciocinio l√≥gico ","Em casa","Facilidade para acessar o acervo, encontrar os livros procurados, localiza√ß√£o das bibliotecas "
"2024/02/27 6:27:56 PM GMT-3","Mais de 25 anos","Feminino","Ensino Superior Incompleto","Romance;Suspense;Autoajuda","1 a 5 livros","Livro f√≠sico;E-Book","Em casa","Hoje em dia minha maior dificuldade √© que preciso de um lugar com zero est√≠mulo sonoro pra conseguir me concentrar na leitura","A leitura sempre fez parte da minha vida desde pequena nas leituras de gibis. Acho que realmente a leitura ajuda muito no desenvolvimento de vocabul√°rio, gram√°tica e conhecimento em geral.","Em casa","Descobri a BibliOn que √© uma biblioteca online recentemente. Acho que falta divulga√ß√£o nesse tipo de servi√ßo. Com os pre√ßos de livros hoje em dia, √© uma √≥tima op√ß√£o pra quem gosta de ler. O est√≠mulo a leitura √© muito baixo, falta um pouco mais de incentivo e acessibilidade aos livros"
"2024/02/27 6:30:29 PM GMT-3","17 - 21 anos","Masculino","Ensino Superior Incompleto","Mang√°s ou Hist√≥rias em Quadrinhos;Autofic√ß√£o, livro de contos","6 a 10 livros","E-Book","Em casa;Locais p√∫blicos, como pra√ßas, cafeterias, ...;Ambiente escolar, como biblioteca, escola, faculdade, ...;Transporte p√∫blico;Ambiente de Trabalho","Distra√ß√£o, ambiente barulhento ","Entretenimento, foco, repert√≥rio ","Em casa",""
"2024/02/27 6:30:35 PM GMT-3","17 - 21 anos","Masculino","Ensino Superior Completo ou Cursando","Mang√°s ou Hist√≥rias em Quadrinhos","1 a 5 livros","E-Book","Em casa","Falta de tempo","Ajuda na escrita e criatividade","Na escola","Tentar ficar imerso na hist√≥ria e pensar como o protagonista ou algum outro personagem do livro "
"2024/02/27 6:41:53 PM GMT-3","22 - 24 anos","Masculino","Ensino Superior Completo ou Cursando","Romance;Fantasia;Suspense;Fic√ß√£o cient√≠fica;Mang√°s ou Hist√≥rias em Quadrinhos","1 a 5 livros","Livro f√≠sico;E-Book","Em casa;Transporte p√∫blico","Tempo ","Conhecimento e divers√£o em hist√≥rias fantasiosas","Na escola",""
"2024/02/27 6:52:38 PM GMT-3","Mais de 25 anos","Masculino","Ensino Superior Completo ou Cursando","Romance;Suspense;Hist√≥ria","1 a 5 livros","Livro f√≠sico","Em casa","Tempo","Contribui√ß√£o com conhecimento.","Em casa","Ter mais bibliotecas,  pois as mesmas est√£o ficando escassas com a tecnologia."
"2024/02/27 7:10:12 PM GMT-3","22 - 24 anos","Feminino","Ensino Superior Completo ou Cursando","Romance;Hist√≥ria;Filosofia","1 a 5 livros","Livro f√≠sico;E-Book","Em casa;Locais p√∫blicos, como pra√ßas, cafeterias, ...;Ambiente escolar, como biblioteca, escola, faculdade, ...;Transporte p√∫blico;Ambiente de Trabalho","Falta de foco para terminar de ler e o pre√ßo dos livros, que geralmente s√£o inacess√≠veis.","Contribuiu para exercitar meu pensamento, adquirir conhecimento sobre o que veio antes para entender o agora, compreender a mim mesma e a realidade em minha volta.","Em casa","Abertura de mais bibliotecas p√∫blicas, tornar o valor dos livros mais acess√≠vel, promover encontros de leitura (clube do livro) em bairros."
"2024/02/27 7:12:04 PM GMT-3","Mais de 25 anos","Feminino","Ensino Superior Completo ou Cursando","Romance;Suspense","1 a 5 livros","Livro f√≠sico","Em casa","Encontrar um t√≠tulo que me interesse","Ajuda a abrir a mente, adquirir conhecimentos ","Na escola","Maior diversidade de livros de diferentes g√™neros "
"2024/02/27 7:16:20 PM GMT-3","17 - 21 anos","Masculino","Ensino Superior Completo ou Cursando","Fic√ß√£o cient√≠fica;Biografia","Nenhum","Livro f√≠sico","Em casa","Manter a aten√ß√£o focada no livro.","Amplifica√ß√£o de conhecimentos gerais.","Em casa",""
"2024/02/27 7:23:29 PM GMT-3","Mais de 25 anos","Masculino","Ensino Superior Completo ou Cursando","Romance;Fantasia;Suspense;Fic√ß√£o cient√≠fica;Hist√≥ria","Mais de 20 livros","Livro f√≠sico","Locais p√∫blicos, como pra√ßas, cafeterias, ...;Transporte p√∫blico","Atualmente, a faculdade. Tem q ler os livros t√©cnicos ","Melhora a escrita, aumenta horizontes","Em casa","Pra quem consegue, ler e adequar uma trilha sonora, eh uma experi√™ncia fant√°stica. Por ex: Dan√ßa da Morte do Stephen King combina com Iron Maiden, especialmente Hallowed By Thy Name. Depende do gosto do leitor e de como a hist√≥ria anda‚Ä¶ conseguir essa adapta√ß√£o/imers√£o, eh fant√°stico"
"2024/02/27 7:56:35 PM GMT-3","17 - 21 anos","Masculino","Ensino Superior Incompleto","Romance;Fantasia;Fic√ß√£o cient√≠fica;Mang√°s ou Hist√≥rias em Quadrinhos","1 a 5 livros","Livro f√≠sico","Em casa","Pre√ßo","Conhecimento e inspira√ß√£o","Na escola","Abrir a biblioteca"
"2024/02/27 9:07:12 PM GMT-3","Mais de 25 anos","Masculino","Ensino Superior Incompleto","Fantasia;Suspense;Fic√ß√£o cient√≠fica;Hist√≥ria;Mang√°s ou Hist√≥rias em Quadrinhos","1 a 5 livros","Smartphone ","Em casa;Locais p√∫blicos, como pra√ßas, cafeterias, ...;Ambiente escolar, como biblioteca, escola, faculdade, ...;Transporte p√∫blico;Ambiente de Trabalho","Pre√ßo muito alto ","Ser um cidad√£o consciente livre de extremismo.","Em casa","Ampla divulga√ß√£o e investimentos altos na educa√ß√£o para incentivar a import√¢ncia da leitura."
"2024/02/27 10:13:27 PM GMT-3","17 - 21 anos","Feminino","Ensino Superior Completo ou Cursando","Romance;Fantasia","1 a 5 livros","E-Book","Em casa","tempo","melhora na concentra√ß√£o e mais paci√™ncia","Na escola",""
"2024/02/28 5:22:08 AM GMT-3","17 - 21 anos","Masculino","Ensino Superior Completo ou Cursando","Fantasia;Suspense","Mais de 20 livros","E-Book;√Åudio book","Em casa;Transporte p√∫blico","Ultimamente tem sido aten√ß√£o, devido ao cansa√ßo ela diminuiu bastante. E tempo para ler.","Esquecer dos problemas cotidianos.","Em casa","Impedir crente de pregar no transporte p√∫blico j√° melhoraria bastante a experi√™ncia que grande parte da popula√ß√£o brasileira que ainda tem vontade de ler tem com os livros. Quanto a bibliotecas, j√° morei em muitas cidades e apenas 2 tinham bibliotecas regulamentadas, ent√£o acho que √© algo mais de realmente focar na distribui√ß√£o delas pelo pa√≠s. "
"2024/02/28 4:32:25 PM GMT-3","17 - 21 anos","Masculino","Ensino Superior Incompleto","Fantasia;Suspense;Fic√ß√£o cient√≠fica;Hist√≥ria","6 a 10 livros","Livro f√≠sico","Em casa;Transporte p√∫blico","Concentra√ß√£o, barulho, distra√ß√£o ","Conhecimento, interpreta√ß√£o de texto, aumento de vocabul√°rio ","Na escola",""
"2024/02/28 5:09:21 PM GMT-3","Mais de 25 anos","Feminino","Ensino Superior Completo ou Cursando","Romance;Suspense;Biografia;Hist√≥ria","6 a 10 livros","E-Book","Em casa","Disponibilidade ","Conhecimentos.","Na escola","Transformar a leitura em um h√°bito e fazer parte da rotina do dia a dia "
"2024/02/28 5:11:00 PM GMT-3","17 - 21 anos","Masculino","Ensino M√©dio Completo ou Cursando","Fic√ß√£o cient√≠fica","1 a 5 livros","Livro f√≠sico","Em casa;Ambiente de Trabalho","Falta de vontade, des√¢nimo de ler, por n√£o me interessar o suficiente no livro","Experi√™ncias e ensinamentos","Em uma biblioteca p√∫blica","Incentivar a leitura aos mais novos, desenvolvendo o h√°bito de ler
E ensinando a ter prazer com a leitura"
"2024/02/28 6:04:51 PM GMT-3","17 - 21 anos","Feminino","Ensino M√©dio Completo ou Cursando","Romance;Fantasia;Suspense;Fic√ß√£o cient√≠fica;Hist√≥ria;Mang√°s ou Hist√≥rias em Quadrinhos","11 a 15 livros","E-Book","Em casa;Transporte p√∫blico","Pregui√ßa.","Felicidade.","Na escola",""
"2024/02/28 11:02:19 PM GMT-3","17 - 21 anos","Masculino","Ensino Superior Incompleto","Fantasia;Suspense","6 a 10 livros","Livro f√≠sico","Em casa","falta de tempo","conhecimento e melhora na escrita","Em casa",""